<?xml version="1.0" encoding="UTF-8" standalone="yes" ?><cp:coreProperties xmlns:cp="http://schemas.openxmlformats.org/package/2006/metadata/core-properties" xmlns:dc="http://purl.org/dc/elements/1.1/" xmlns:dcmitype="http://purl.org/dc/dcmitype/" xmlns:dcterms="http://purl.org/dc/terms/" xmlns:xsi="http://www.w3.org/2001/XMLSchema-instance"><cp:category>model</cp:category><dcterms:created xsi:type="dcterms:W3CDTF">2022-03-18T22:57:53Z</dcterms:created><dc:creator>28217</dc:creator><cp:lastModifiedBy>28217</cp:lastModifiedBy><dcterms:modified xsi:type="dcterms:W3CDTF">2022-04-03T17:37:22Z</dcterms:modified><cp:revision>1.41</cp:revision><cp:version>R2020b</cp:version></cp:coreProperties>