<?xml version="1.0" encoding="UTF-8"?>
<sltp_graph version="1.1" packageUris="http://schema.mathworks.com/mf0/sltp_mm/R2020b_202003251737">
  <sltp.mm.core.Context type="sltp.mm.core.Context" uuid="c20d66f0-e2ce-43e2-9cca-5c76707af6c8">
    <priorityDirection>HighNumberLast</priorityDirection>
    <editorState type="sltp.mm.core.EditorState" uuid="7c09ce62-97fa-4f90-81c8-381fea60607b">
      <isSynchronized>true</isSynchronized>
    </editorState>
    <rootTask type="sltp.mm.core.Task" uuid="6d96b4fe-d280-4ab7-8487-01915cd89ad2">
      <context type="sltp.mm.core.Context" uuid="c20d66f0-e2ce-43e2-9cca-5c76707af6c8"/>
      <explicit>false</explicit>
      <name>Default</name>
      <priority>-2147483648</priority>
      <subgraph type="sltp.mm.core.Graph" uuid="3865e3bb-4393-4516-9900-28b06a3205b7">
        <tasks type="sltp.mm.core.Task" uuid="ae51f960-0533-46bd-a75e-7da1cd3d4584">
          <baseTask>true</baseTask>
          <context type="sltp.mm.core.Context" uuid="c20d66f0-e2ce-43e2-9cca-5c76707af6c8"/>
          <explicit>false</explicit>
          <id>1</id>
          <isTimed>true</isTimed>
          <name>Cont</name>
          <priority>40</priority>
          <rates type="sltp.mm.core.Rate" uuid="c29df2c5-e484-4502-9aca-213e7cccd91a">
            <annotation>Cont</annotation>
            <color>255</color>
            <hasBlocks>true</hasBlocks>
            <rateSpec type="sltp.mm.core.RateSpec">
              <period>0.0</period>
            </rateSpec>
            <sti>0</sti>
          </rates>
          <rates type="sltp.mm.core.Rate" uuid="dbcddbd5-8d33-4573-9e36-0bc8d5318c68">
            <annotation>FiM</annotation>
            <color>-2139062017</color>
            <hasBlocks>true</hasBlocks>
            <rateSpec type="sltp.mm.core.RateSpec">
              <offset>1.0</offset>
              <period>0.0</period>
            </rateSpec>
            <sti>1</sti>
          </rates>
        </tasks>
      </subgraph>
    </rootTask>
  </sltp.mm.core.Context>
</sltp_graph>