<?xml version="1.0" encoding="UTF-8"?>
<sltp_editor version="1.1" packageUris="http://schema.mathworks.com/mf0/DiagramEditor/R2019a_20181107 http://schema.mathworks.com/mf0/SltpSyntax/R2020b_202005081148">
  <sltp.mm.syntax.Context type="sltp.mm.syntax.Context" uuid="e5d9405a-6102-4694-a254-2685840b2ec4">
    <rootGraph type="sltp.mm.syntax.Graph" uuid="b082ea60-8cc7-4382-9298-7a5d429f8720">
      <children type="sltp.mm.syntax.Node" uuid="d118513e-40b9-4e89-a307-7814df48ed73">
        <priority>40</priority>
        <rates type="sltp.mm.syntax.RateData">
          <color>#000000</color>
          <hasBlocks>true</hasBlocks>
          <rate>0</rate>
          <title>Cont</title>
        </rates>
        <rates type="sltp.mm.syntax.RateData">
          <color>#808080</color>
          <hasBlocks>true</hasBlocks>
          <rate>[0, 1]</rate>
          <title>FiM</title>
        </rates>
        <title>Cont</title>
        <type>base</type>
        <diagramElement type="diagram.editor.model.Entity" uuid="176bde6a-c62d-430e-865d-72e69e70ed8e"/>
        <subgraph type="sltp.mm.syntax.Graph" uuid="6eaa3d0a-7b2d-4890-aee1-e6fe66b6c9ad">
          <title>Cont</title>
          <diagramElement type="diagram.editor.model.Diagram" uuid="b0c68d7e-a5a8-4b07-b437-445be8ea1108"/>
        </subgraph>
      </children>
      <title>Default</title>
      <diagramElement type="diagram.editor.model.Diagram" uuid="e605b166-6716-401e-9148-6f481d7a7bae"/>
    </rootGraph>
  </sltp.mm.syntax.Context>
  <diagram.editor.model.Diagram type="diagram.editor.model.Diagram" uuid="e605b166-6716-401e-9148-6f481d7a7bae">
    <entities type="diagram.editor.model.Entity" uuid="176bde6a-c62d-430e-865d-72e69e70ed8e">
      <position>0,0</position>
      <size>0,0,0,0</size>
      <syntaxElement type="sltp.mm.syntax.Node" uuid="d118513e-40b9-4e89-a307-7814df48ed73"/>
      <title>Cont</title>
      <type>base</type>
      <subDiagram type="diagram.editor.model.Diagram" uuid="b0c68d7e-a5a8-4b07-b437-445be8ea1108">
        <position>0,0</position>
        <syntaxElement type="sltp.mm.syntax.Graph" uuid="6eaa3d0a-7b2d-4890-aee1-e6fe66b6c9ad"/>
        <title>Cont</title>
        <type>graph.Graph</type>
      </subDiagram>
    </entities>
    <syntaxElement type="sltp.mm.syntax.Graph" uuid="b082ea60-8cc7-4382-9298-7a5d429f8720"/>
    <title>Default</title>
    <type>graph.Graph</type>
  </diagram.editor.model.Diagram>
</sltp_editor>