<?xml version="1.0" encoding="utf-8"?>
<System>
  <P Name="Location">[-6, -6, 1287, 767]</P>
  <P Name="SystemRect">[0.000000, 0.000000, 0.000000, 0.000000]</P>
  <P Name="SetExecutionDomain">off</P>
  <P Name="ExecutionDomainType">Deduce</P>
  <P Name="ZoomFactor">60</P>
  <P Name="ReportName">simulink-default.rpt</P>
  <P Name="SIDHighWatermark">74</P>
  <P Name="SimulinkSubDomain">Simulink</P>
  <Block BlockType="Scope" Name="Big" SID="50">
    <P Name="Ports">[4]</P>
    <P Name="Position">[1515, 240, 1720, 505]</P>
    <P Name="ZOrder">332</P>
    <P Name="ScopeSpecificationString">Simulink.scopes.TimeScopeBlockCfg(&apos;CurrentConfiguration&apos;, extmgr.ConfigurationSet(extmgr.Configuration(&apos;Core&apos;,&apos;General UI&apos;,true),extmgr.Configuration(&apos;Core&apos;,&apos;Source UI&apos;,true),extmgr.Configuration(&apos;Sources&apos;,&apos;WiredSimulink&apos;,true),extmgr.Configuration(&apos;Visuals&apos;,&apos;Time Domain&apos;,true,&apos;SerializedDisplays&apos;,{struct(&apos;MinYLimReal&apos;,&apos;-0.15632&apos;,&apos;MaxYLimReal&apos;,&apos;0.06044&apos;,&apos;YLabelReal&apos;,&apos;&apos;,&apos;MinYLimMag&apos;,&apos;0.00000&apos;,&apos;MaxYLimMag&apos;,&apos;0.15632&apos;,&apos;LegendVisibility&apos;,&apos;On&apos;,&apos;XGrid&apos;,true,&apos;YGrid&apos;,true,&apos;PlotMagPhase&apos;,false,&apos;AxesColor&apos;,[0 0 0],&apos;AxesTickColor&apos;,[0.686274509803922 0.686274509803922 0.686274509803922],&apos;ColorOrder&apos;,[1 1 0.0666666666666667;0.0745098039215686 0.623529411764706 1;1 0.411764705882353 0.16078431372549;0.392156862745098 0.831372549019608 0.0745098039215686;0.717647058823529 0.274509803921569 1;0.0588235294117647 1 1;1 0.0745098039215686 0.650980392156863],&apos;Title&apos;,&apos;%&lt;SignalLabel&gt;&apos;,&apos;LinePropertiesCache&apos;,{{struct(&apos;Visible&apos;,&apos;on&apos;,&apos;Marker&apos;,&apos;o&apos;,&apos;MarkerSize&apos;,8),struct(&apos;Visible&apos;,&apos;on&apos;,&apos;Marker&apos;,&apos;o&apos;,&apos;MarkerSize&apos;,8),struct(&apos;Marker&apos;,&apos;o&apos;,&apos;MarkerSize&apos;,8),struct(&apos;Marker&apos;,&apos;o&apos;,&apos;MarkerSize&apos;,8)}},&apos;UserDefinedChannelNames&apos;,{{}},&apos;NumLines&apos;,4,&apos;LineNames&apos;,{{&apos;Channel 1&apos;,&apos;Channel 2&apos;,&apos;Channel 3&apos;,&apos;Channel 4&apos;}},&apos;ShowContent&apos;,true,&apos;Placement&apos;,1)},&apos;DisplayPropertyDefaults&apos;,struct(&apos;MinYLimReal&apos;,&apos;-0.15632&apos;,&apos;MaxYLimReal&apos;,&apos;0.06044&apos;,&apos;YLabelReal&apos;,&apos;&apos;,&apos;MinYLimMag&apos;,&apos;0.00000&apos;,&apos;MaxYLimMag&apos;,&apos;0.15632&apos;,&apos;LegendVisibility&apos;,&apos;On&apos;,&apos;XGrid&apos;,true,&apos;YGrid&apos;,true,&apos;PlotMagPhase&apos;,false,&apos;AxesColor&apos;,[0 0 0],&apos;AxesTickColor&apos;,[0.686274509803922 0.686274509803922 0.686274509803922],&apos;ColorOrder&apos;,[0.0745098039215686 0.623529411764706 1;1 0.411764705882353 0.16078431372549;1 1 0.0666666666666667;0.717647058823529 0.274509803921569 1;0.392156862745098 0.831372549019608 0.0745098039215686;0.0588235294117647 1 1;1 0.0745098039215686 0.650980392156863])),extmgr.Configuration(&apos;Tools&apos;,&apos;Plot Navigation&apos;,true,&apos;PreviousAutoscale&apos;,&apos;XY&apos;,&apos;OnceAtStop&apos;,false),extmgr.Configuration(&apos;Tools&apos;,&apos;Measurements&apos;,true,&apos;Version&apos;,&apos;2020b&apos;)),&apos;Version&apos;,&apos;2020b&apos;,&apos;Position&apos;,[1 41 1280 690])</P>
    <P Name="NumInputPorts">4</P>
    <P Name="Floating">off</P>
  </Block>
  <Block BlockType="Gain" Name="Gain" SID="47">
    <P Name="Position">[235, 190, 265, 220]</P>
    <P Name="ZOrder">329</P>
    <P Name="Gain">K</P>
  </Block>
  <Block BlockType="Gain" Name="Gain1" SID="53">
    <P Name="Position">[235, 725, 265, 755]</P>
    <P Name="ZOrder">344</P>
    <P Name="Gain">K1</P>
  </Block>
  <Block BlockType="Gain" Name="Km" SID="3">
    <P Name="Position">[940, 297, 1020, 353]</P>
    <P Name="ZOrder">21</P>
    <P Name="BlockMirror">on</P>
    <P Name="NameLocation">top</P>
    <P Name="Gain">Km</P>
    <Port>
      <P Name="PortNumber">1</P>
      <P Name="Name">back emf</P>
    </Port>
  </Block>
  <Block BlockType="Gain" Name="Km1" SID="55">
    <P Name="Position">[940, 832, 1020, 888]</P>
    <P Name="ZOrder">335</P>
    <P Name="BlockMirror">on</P>
    <P Name="NameLocation">top</P>
    <P Name="Gain">Km</P>
    <Port>
      <P Name="PortNumber">1</P>
      <P Name="Name">back emf</P>
    </Port>
  </Block>
  <Block BlockType="Reference" Name="LTI System" SID="48">
    <P Name="Ports">[1, 1]</P>
    <P Name="Position">[445, 187, 540, 223]</P>
    <P Name="ZOrder">330</P>
    <P Name="LibraryVersion">2.3</P>
    <P Name="SourceBlock">cstblocks/LTI System</P>
    <P Name="SourceType">LTI Block</P>
    <P Name="SourceProductBaseCode">CT</P>
    <InstanceData>
      <P Name="RTWMemSecFuncInitTerm">Inherit from model</P>
      <P Name="RTWMemSecFuncExecute">Inherit from model</P>
      <P Name="RTWMemSecDataConstants">Inherit from model</P>
      <P Name="RTWMemSecDataInternal">Inherit from model</P>
      <P Name="RTWMemSecDataParameters">Inherit from model</P>
      <P Name="ContentPreviewEnabled">on</P>
      <P Name="sys">ampTF</P>
      <P Name="IC">[]</P>
    </InstanceData>
  </Block>
  <Block BlockType="Reference" Name="LTI System1" SID="56">
    <P Name="Ports">[1, 1]</P>
    <P Name="Position">[455, 722, 550, 758]</P>
    <P Name="ZOrder">345</P>
    <P Name="LibraryVersion">2.3</P>
    <P Name="SourceBlock">cstblocks/LTI System</P>
    <P Name="SourceType">LTI Block</P>
    <P Name="SourceProductBaseCode">CT</P>
    <InstanceData>
      <P Name="RTWMemSecFuncInitTerm">Inherit from model</P>
      <P Name="RTWMemSecFuncExecute">Inherit from model</P>
      <P Name="RTWMemSecDataConstants">Inherit from model</P>
      <P Name="RTWMemSecDataInternal">Inherit from model</P>
      <P Name="RTWMemSecDataParameters">Inherit from model</P>
      <P Name="ContentPreviewEnabled">on</P>
      <P Name="sys">ampTF</P>
      <P Name="IC">[]</P>
    </InstanceData>
  </Block>
  <Block BlockType="TransferFcn" Name="Microcontroller Dynamics" SID="45">
    <P Name="Position">[330, 514, 445, 576]</P>
    <P Name="ZOrder">327</P>
    <P Name="BlockMirror">on</P>
    <P Name="NameLocation">top</P>
    <P Name="Numerator">[2*CF]</P>
    <P Name="Denominator">[1 2*CF]</P>
  </Block>
  <Block BlockType="TransferFcn" Name="Microcontroller Dynamics1" SID="58">
    <P Name="Position">[330, 1049, 445, 1111]</P>
    <P Name="ZOrder">342</P>
    <P Name="BlockMirror">on</P>
    <P Name="NameLocation">top</P>
    <P Name="Numerator">[2*CF]</P>
    <P Name="Denominator">[1 2*CF]</P>
  </Block>
  <Block BlockType="Reference" Name="PID Controller" SID="25">
    <P Name="Ports">[1, 1]</P>
    <P Name="Position">[340, 187, 380, 223]</P>
    <P Name="ZOrder">310</P>
    <P Name="LibraryVersion">2.30</P>
    <P Name="SourceBlock">pid_lib/PID Controller</P>
    <P Name="SourceType">PID 1dof</P>
    <P Name="SourceProductBaseCode">SL</P>
    <InstanceData>
      <P Name="RTWMemSecFuncInitTerm">Inherit from model</P>
      <P Name="RTWMemSecFuncExecute">Inherit from model</P>
      <P Name="RTWMemSecDataConstants">Inherit from model</P>
      <P Name="RTWMemSecDataInternal">Inherit from model</P>
      <P Name="RTWMemSecDataParameters">Inherit from model</P>
      <P Name="ContentPreviewEnabled">on</P>
      <P Name="Controller">PID</P>
      <P Name="Form">Parallel</P>
      <P Name="TimeDomain">Continuous-time</P>
      <P Name="UseExternalTs">off</P>
      <P Name="SampleTime">-1</P>
      <P Name="IntegratorMethod">Forward Euler</P>
      <P Name="FilterMethod">Forward Euler</P>
      <P Name="ControllerParametersSource">internal</P>
      <P Name="P">Kp</P>
      <P Name="I">Ki</P>
      <P Name="D">Kd</P>
      <P Name="UseFilter">on</P>
      <P Name="N">2*CF</P>
      <P Name="TunerSelectOption">Frequency Response Based</P>
      <P Name="ZeroCross">on</P>
      <P Name="InitialConditionSource">internal</P>
      <P Name="InitialConditionForIntegrator">0</P>
      <P Name="InitialConditionForFilter">0</P>
      <P Name="DifferentiatorICPrevScaledInput">0</P>
      <P Name="ExternalReset">none</P>
      <P Name="IgnoreLimit">off</P>
      <P Name="TrackingMode">off</P>
      <P Name="Kt">1</P>
      <P Name="LimitOutput">off</P>
      <P Name="SatLimitsSource">internal</P>
      <P Name="UpperSaturationLimit">inf</P>
      <P Name="LowerSaturationLimit">-inf</P>
      <P Name="LinearizeAsGain">on</P>
      <P Name="AntiWindupMode">none</P>
      <P Name="Kb">1</P>
      <P Name="RndMeth">Floor</P>
      <P Name="SaturateOnIntegerOverflow">off</P>
      <P Name="LockScale">off</P>
      <P Name="PGainOutDataTypeStr">Inherit: Inherit via internal rule</P>
      <P Name="PProdOutDataTypeStr">Inherit: Inherit via internal rule</P>
      <P Name="POutMin">[]</P>
      <P Name="POutMax">[]</P>
      <P Name="IGainOutDataTypeStr">Inherit: Inherit via internal rule</P>
      <P Name="IProdOutDataTypeStr">Inherit: Inherit via internal rule</P>
      <P Name="IOutMin">[]</P>
      <P Name="IOutMax">[]</P>
      <P Name="DGainOutDataTypeStr">Inherit: Inherit via internal rule</P>
      <P Name="DProdOutDataTypeStr">Inherit: Inherit via internal rule</P>
      <P Name="DOutMin">[]</P>
      <P Name="DOutMax">[]</P>
      <P Name="NGainOutDataTypeStr">Inherit: Inherit via internal rule</P>
      <P Name="NProdOutDataTypeStr">Inherit: Inherit via internal rule</P>
      <P Name="NOutMin">[]</P>
      <P Name="NOutMax">[]</P>
      <P Name="SumOutDataTypeStr">Inherit: Inherit via internal rule</P>
      <P Name="SumOutMin">[]</P>
      <P Name="SumOutMax">[]</P>
      <P Name="SaturationOutDataTypeStr">Inherit: Same as input</P>
      <P Name="SaturationOutMin">[]</P>
      <P Name="SaturationOutMax">[]</P>
      <P Name="PParamDataTypeStr">Inherit: Inherit via internal rule</P>
      <P Name="PParamMin">[]</P>
      <P Name="PParamMax">[]</P>
      <P Name="IParamDataTypeStr">Inherit: Inherit via internal rule</P>
      <P Name="IParamMin">[]</P>
      <P Name="IParamMax">[]</P>
      <P Name="DParamDataTypeStr">Inherit: Inherit via internal rule</P>
      <P Name="DParamMin">[]</P>
      <P Name="DParamMax">[]</P>
      <P Name="NParamDataTypeStr">Inherit: Inherit via internal rule</P>
      <P Name="NParamMin">[]</P>
      <P Name="NParamMax">[]</P>
      <P Name="KbParamDataTypeStr">Inherit: Inherit via internal rule</P>
      <P Name="KbParamMin">[]</P>
      <P Name="KbParamMax">[]</P>
      <P Name="KtParamDataTypeStr">Inherit: Inherit via internal rule</P>
      <P Name="KtParamMin">[]</P>
      <P Name="KtParamMax">[]</P>
      <P Name="KbOutDataTypeStr">Inherit: Inherit via internal rule</P>
      <P Name="KbOutMin">[]</P>
      <P Name="KbOutMax">[]</P>
      <P Name="KtOutDataTypeStr">Inherit: Inherit via internal rule</P>
      <P Name="KtOutMin">[]</P>
      <P Name="KtOutMax">[]</P>
      <P Name="IntegratorOutDataTypeStr">Inherit: Inherit via internal rule</P>
      <P Name="IntegratorOutMin">[]</P>
      <P Name="IntegratorOutMax">[]</P>
      <P Name="FilterOutDataTypeStr">Inherit: Inherit via internal rule</P>
      <P Name="FilterOutMin">[]</P>
      <P Name="FilterOutMax">[]</P>
      <P Name="SumI1OutDataTypeStr">Inherit: Inherit via internal rule</P>
      <P Name="SumI1OutMin">[]</P>
      <P Name="SumI1OutMax">[]</P>
      <P Name="SumI2OutDataTypeStr">Inherit: Inherit via internal rule</P>
      <P Name="SumI2OutMin">[]</P>
      <P Name="SumI2OutMax">[]</P>
      <P Name="SumI3OutDataTypeStr">Inherit: Inherit via internal rule</P>
      <P Name="SumI3OutMin">[]</P>
      <P Name="SumI3OutMax">[]</P>
      <P Name="SumI4OutDataTypeStr">Inherit: Inherit via internal rule</P>
      <P Name="SumI4OutMin">[]</P>
      <P Name="SumI4OutMax">[]</P>
      <P Name="SumDOutDataTypeStr">Inherit: Inherit via internal rule</P>
      <P Name="SumDOutMin">[]</P>
      <P Name="SumDOutMax">[]</P>
      <P Name="SumAccumDataTypeStr">Inherit: Inherit via internal rule</P>
      <P Name="SumI1AccumDataTypeStr">Inherit: Inherit via internal rule</P>
      <P Name="SumI2AccumDataTypeStr">Inherit: Inherit via internal rule</P>
      <P Name="SumI3AccumDataTypeStr">Inherit: Inherit via internal rule</P>
      <P Name="SumI4AccumDataTypeStr">Inherit: Inherit via internal rule</P>
      <P Name="SumDAccumDataTypeStr">Inherit: Inherit via internal rule</P>
      <P Name="DifferentiatorOutDataTypeStr">Inherit: Inherit via internal rule</P>
      <P Name="DifferentiatorOutMin">[]</P>
      <P Name="DifferentiatorOutMax">[]</P>
      <P Name="FilterDiffNumProductOutputDataTypeStr">Inherit: Inherit via internal rule</P>
      <P Name="FilterDiffDenProductOutputDataTypeStr">Inherit: Inherit via internal rule</P>
      <P Name="FilterDiffNumAccumDataTypeStr">Inherit: Inherit via internal rule</P>
      <P Name="FilterDiffDenAccumDataTypeStr">Inherit: Inherit via internal rule</P>
      <P Name="FilterDiffOutCoefDataTypeStr">Inherit: Inherit via internal rule</P>
      <P Name="FilterDiffOutCoefMin">[]</P>
      <P Name="FilterDiffOutCoefMax">[]</P>
      <P Name="ReciprocalOutDataTypeStr">Inherit: Inherit via internal rule</P>
      <P Name="ReciprocalOutMin">[]</P>
      <P Name="ReciprocalOutMax">[]</P>
      <P Name="SumDenOutDataTypeStr">Inherit: Inherit via internal rule</P>
      <P Name="SumDenOutMin">[]</P>
      <P Name="SumDenOutMax">[]</P>
      <P Name="SumNumOutDataTypeStr">Inherit: Inherit via internal rule</P>
      <P Name="SumNumOutMin">[]</P>
      <P Name="SumNumOutMax">[]</P>
      <P Name="SumDenAccumDataTypeStr">Inherit: Inherit via internal rule</P>
      <P Name="SumNumAccumDataTypeStr">Inherit: Inherit via internal rule</P>
      <P Name="DivideOutDataTypeStr">Inherit: Inherit via internal rule</P>
      <P Name="DivideOutMin">[]</P>
      <P Name="DivideOutMax">[]</P>
      <P Name="UdiffTsProdOutDataTypeStr">Inherit: Inherit via internal rule</P>
      <P Name="UdiffTsProdOutMin">[]</P>
      <P Name="UdiffTsProdOutMax">[]</P>
      <P Name="NTsProdOutDataTypeStr">Inherit: Inherit via internal rule</P>
      <P Name="NTsProdOutMin">[]</P>
      <P Name="NTsProdOutMax">[]</P>
      <P Name="UintegralTsProdOutDataTypeStr">Inherit: Inherit via internal rule</P>
      <P Name="UintegralTsProdOutMin">[]</P>
      <P Name="UintegralTsProdOutMax">[]</P>
      <P Name="UngainTsProdOutDataTypeStr">Inherit: Inherit via internal rule</P>
      <P Name="UngainTsProdOutMin">[]</P>
      <P Name="UngainTsProdOutMax">[]</P>
      <P Name="IntegratorContinuousStateAttributes">&apos;&apos;</P>
      <P Name="IntegratorStateMustResolveToSignalObject">off</P>
      <P Name="IntegratorRTWStateStorageClass">Auto</P>
      <P Name="FilterContinuousStateAttributes">&apos;&apos;</P>
      <P Name="FilterStateMustResolveToSignalObject">off</P>
      <P Name="FilterRTWStateStorageClass">Auto</P>
      <P Name="ParallelPVariant">InternalParameters</P>
      <P Name="IdealPVariant">Disabled</P>
      <P Name="IVariant">InternalParameters</P>
      <P Name="DVariant">InternalParameters</P>
      <P Name="IntegratorVariant">Continuous</P>
      <P Name="SatVariant">Disabled</P>
      <P Name="AWVariant">Passthrough</P>
      <P Name="PCopyVariant">Disabled</P>
      <P Name="TRVariant">Disabled</P>
      <P Name="FdbkBlocksVariant">Forward</P>
      <P Name="IdealPFdbkVariant">Disabled</P>
      <P Name="SatFdbkVariant">Disabled</P>
      <P Name="DerivativeFilterVariant">ContFilter</P>
      <P Name="NVariant">InternalParameters</P>
      <P Name="NCopyVariant">Disabled</P>
      <P Name="FilterICVariant">InternalICsFilter</P>
      <P Name="IntegratorICVariant">InternalICs</P>
      <P Name="ExternalResetVariant">Disabled</P>
      <P Name="TRSumVariant">Passthrough</P>
      <P Name="SumFdbkVariant">Disabled</P>
      <P Name="SumVariant">Sum_PID</P>
      <P Name="TsampFilterVariant">InternalTs</P>
      <P Name="TsampNgainVariant">Passthrough</P>
      <P Name="TsampIntegralVariant">Passthrough</P>
      <P Name="ExternalSaturationOutDataTypeStr">Inherit: Same as second input</P>
      <P Name="InitialConditionSetting">Auto</P>
    </InstanceData>
  </Block>
  <Block BlockType="Reference" Name="PID Controller1" SID="59">
    <P Name="Ports">[1, 1]</P>
    <P Name="Position">[340, 722, 380, 758]</P>
    <P Name="ZOrder">338</P>
    <P Name="LibraryVersion">2.30</P>
    <P Name="SourceBlock">pid_lib/PID Controller</P>
    <P Name="SourceType">PID 1dof</P>
    <P Name="SourceProductBaseCode">SL</P>
    <InstanceData>
      <P Name="RTWMemSecFuncInitTerm">Inherit from model</P>
      <P Name="RTWMemSecFuncExecute">Inherit from model</P>
      <P Name="RTWMemSecDataConstants">Inherit from model</P>
      <P Name="RTWMemSecDataInternal">Inherit from model</P>
      <P Name="RTWMemSecDataParameters">Inherit from model</P>
      <P Name="ContentPreviewEnabled">on</P>
      <P Name="Controller">PID</P>
      <P Name="Form">Parallel</P>
      <P Name="TimeDomain">Continuous-time</P>
      <P Name="UseExternalTs">off</P>
      <P Name="SampleTime">-1</P>
      <P Name="IntegratorMethod">Forward Euler</P>
      <P Name="FilterMethod">Forward Euler</P>
      <P Name="ControllerParametersSource">internal</P>
      <P Name="P">Kp1</P>
      <P Name="I">Ki1</P>
      <P Name="D">Kd1</P>
      <P Name="UseFilter">on</P>
      <P Name="N">2*CF</P>
      <P Name="TunerSelectOption">Frequency Response Based</P>
      <P Name="ZeroCross">on</P>
      <P Name="InitialConditionSource">internal</P>
      <P Name="InitialConditionForIntegrator">0</P>
      <P Name="InitialConditionForFilter">0</P>
      <P Name="DifferentiatorICPrevScaledInput">0</P>
      <P Name="ExternalReset">none</P>
      <P Name="IgnoreLimit">off</P>
      <P Name="TrackingMode">off</P>
      <P Name="Kt">1</P>
      <P Name="LimitOutput">off</P>
      <P Name="SatLimitsSource">internal</P>
      <P Name="UpperSaturationLimit">inf</P>
      <P Name="LowerSaturationLimit">-inf</P>
      <P Name="LinearizeAsGain">on</P>
      <P Name="AntiWindupMode">none</P>
      <P Name="Kb">1</P>
      <P Name="RndMeth">Floor</P>
      <P Name="SaturateOnIntegerOverflow">off</P>
      <P Name="LockScale">off</P>
      <P Name="PGainOutDataTypeStr">Inherit: Inherit via internal rule</P>
      <P Name="PProdOutDataTypeStr">Inherit: Inherit via internal rule</P>
      <P Name="POutMin">[]</P>
      <P Name="POutMax">[]</P>
      <P Name="IGainOutDataTypeStr">Inherit: Inherit via internal rule</P>
      <P Name="IProdOutDataTypeStr">Inherit: Inherit via internal rule</P>
      <P Name="IOutMin">[]</P>
      <P Name="IOutMax">[]</P>
      <P Name="DGainOutDataTypeStr">Inherit: Inherit via internal rule</P>
      <P Name="DProdOutDataTypeStr">Inherit: Inherit via internal rule</P>
      <P Name="DOutMin">[]</P>
      <P Name="DOutMax">[]</P>
      <P Name="NGainOutDataTypeStr">Inherit: Inherit via internal rule</P>
      <P Name="NProdOutDataTypeStr">Inherit: Inherit via internal rule</P>
      <P Name="NOutMin">[]</P>
      <P Name="NOutMax">[]</P>
      <P Name="SumOutDataTypeStr">Inherit: Inherit via internal rule</P>
      <P Name="SumOutMin">[]</P>
      <P Name="SumOutMax">[]</P>
      <P Name="SaturationOutDataTypeStr">Inherit: Same as input</P>
      <P Name="SaturationOutMin">[]</P>
      <P Name="SaturationOutMax">[]</P>
      <P Name="PParamDataTypeStr">Inherit: Inherit via internal rule</P>
      <P Name="PParamMin">[]</P>
      <P Name="PParamMax">[]</P>
      <P Name="IParamDataTypeStr">Inherit: Inherit via internal rule</P>
      <P Name="IParamMin">[]</P>
      <P Name="IParamMax">[]</P>
      <P Name="DParamDataTypeStr">Inherit: Inherit via internal rule</P>
      <P Name="DParamMin">[]</P>
      <P Name="DParamMax">[]</P>
      <P Name="NParamDataTypeStr">Inherit: Inherit via internal rule</P>
      <P Name="NParamMin">[]</P>
      <P Name="NParamMax">[]</P>
      <P Name="KbParamDataTypeStr">Inherit: Inherit via internal rule</P>
      <P Name="KbParamMin">[]</P>
      <P Name="KbParamMax">[]</P>
      <P Name="KtParamDataTypeStr">Inherit: Inherit via internal rule</P>
      <P Name="KtParamMin">[]</P>
      <P Name="KtParamMax">[]</P>
      <P Name="KbOutDataTypeStr">Inherit: Inherit via internal rule</P>
      <P Name="KbOutMin">[]</P>
      <P Name="KbOutMax">[]</P>
      <P Name="KtOutDataTypeStr">Inherit: Inherit via internal rule</P>
      <P Name="KtOutMin">[]</P>
      <P Name="KtOutMax">[]</P>
      <P Name="IntegratorOutDataTypeStr">Inherit: Inherit via internal rule</P>
      <P Name="IntegratorOutMin">[]</P>
      <P Name="IntegratorOutMax">[]</P>
      <P Name="FilterOutDataTypeStr">Inherit: Inherit via internal rule</P>
      <P Name="FilterOutMin">[]</P>
      <P Name="FilterOutMax">[]</P>
      <P Name="SumI1OutDataTypeStr">Inherit: Inherit via internal rule</P>
      <P Name="SumI1OutMin">[]</P>
      <P Name="SumI1OutMax">[]</P>
      <P Name="SumI2OutDataTypeStr">Inherit: Inherit via internal rule</P>
      <P Name="SumI2OutMin">[]</P>
      <P Name="SumI2OutMax">[]</P>
      <P Name="SumI3OutDataTypeStr">Inherit: Inherit via internal rule</P>
      <P Name="SumI3OutMin">[]</P>
      <P Name="SumI3OutMax">[]</P>
      <P Name="SumI4OutDataTypeStr">Inherit: Inherit via internal rule</P>
      <P Name="SumI4OutMin">[]</P>
      <P Name="SumI4OutMax">[]</P>
      <P Name="SumDOutDataTypeStr">Inherit: Inherit via internal rule</P>
      <P Name="SumDOutMin">[]</P>
      <P Name="SumDOutMax">[]</P>
      <P Name="SumAccumDataTypeStr">Inherit: Inherit via internal rule</P>
      <P Name="SumI1AccumDataTypeStr">Inherit: Inherit via internal rule</P>
      <P Name="SumI2AccumDataTypeStr">Inherit: Inherit via internal rule</P>
      <P Name="SumI3AccumDataTypeStr">Inherit: Inherit via internal rule</P>
      <P Name="SumI4AccumDataTypeStr">Inherit: Inherit via internal rule</P>
      <P Name="SumDAccumDataTypeStr">Inherit: Inherit via internal rule</P>
      <P Name="DifferentiatorOutDataTypeStr">Inherit: Inherit via internal rule</P>
      <P Name="DifferentiatorOutMin">[]</P>
      <P Name="DifferentiatorOutMax">[]</P>
      <P Name="FilterDiffNumProductOutputDataTypeStr">Inherit: Inherit via internal rule</P>
      <P Name="FilterDiffDenProductOutputDataTypeStr">Inherit: Inherit via internal rule</P>
      <P Name="FilterDiffNumAccumDataTypeStr">Inherit: Inherit via internal rule</P>
      <P Name="FilterDiffDenAccumDataTypeStr">Inherit: Inherit via internal rule</P>
      <P Name="FilterDiffOutCoefDataTypeStr">Inherit: Inherit via internal rule</P>
      <P Name="FilterDiffOutCoefMin">[]</P>
      <P Name="FilterDiffOutCoefMax">[]</P>
      <P Name="ReciprocalOutDataTypeStr">Inherit: Inherit via internal rule</P>
      <P Name="ReciprocalOutMin">[]</P>
      <P Name="ReciprocalOutMax">[]</P>
      <P Name="SumDenOutDataTypeStr">Inherit: Inherit via internal rule</P>
      <P Name="SumDenOutMin">[]</P>
      <P Name="SumDenOutMax">[]</P>
      <P Name="SumNumOutDataTypeStr">Inherit: Inherit via internal rule</P>
      <P Name="SumNumOutMin">[]</P>
      <P Name="SumNumOutMax">[]</P>
      <P Name="SumDenAccumDataTypeStr">Inherit: Inherit via internal rule</P>
      <P Name="SumNumAccumDataTypeStr">Inherit: Inherit via internal rule</P>
      <P Name="DivideOutDataTypeStr">Inherit: Inherit via internal rule</P>
      <P Name="DivideOutMin">[]</P>
      <P Name="DivideOutMax">[]</P>
      <P Name="UdiffTsProdOutDataTypeStr">Inherit: Inherit via internal rule</P>
      <P Name="UdiffTsProdOutMin">[]</P>
      <P Name="UdiffTsProdOutMax">[]</P>
      <P Name="NTsProdOutDataTypeStr">Inherit: Inherit via internal rule</P>
      <P Name="NTsProdOutMin">[]</P>
      <P Name="NTsProdOutMax">[]</P>
      <P Name="UintegralTsProdOutDataTypeStr">Inherit: Inherit via internal rule</P>
      <P Name="UintegralTsProdOutMin">[]</P>
      <P Name="UintegralTsProdOutMax">[]</P>
      <P Name="UngainTsProdOutDataTypeStr">Inherit: Inherit via internal rule</P>
      <P Name="UngainTsProdOutMin">[]</P>
      <P Name="UngainTsProdOutMax">[]</P>
      <P Name="IntegratorContinuousStateAttributes">&apos;&apos;</P>
      <P Name="IntegratorStateMustResolveToSignalObject">off</P>
      <P Name="IntegratorRTWStateStorageClass">Auto</P>
      <P Name="FilterContinuousStateAttributes">&apos;&apos;</P>
      <P Name="FilterStateMustResolveToSignalObject">off</P>
      <P Name="FilterRTWStateStorageClass">Auto</P>
      <P Name="ParallelPVariant">InternalParameters</P>
      <P Name="IdealPVariant">Disabled</P>
      <P Name="IVariant">InternalParameters</P>
      <P Name="DVariant">InternalParameters</P>
      <P Name="IntegratorVariant">Continuous</P>
      <P Name="SatVariant">Disabled</P>
      <P Name="AWVariant">Passthrough</P>
      <P Name="PCopyVariant">Disabled</P>
      <P Name="TRVariant">Disabled</P>
      <P Name="FdbkBlocksVariant">Forward</P>
      <P Name="IdealPFdbkVariant">Disabled</P>
      <P Name="SatFdbkVariant">Disabled</P>
      <P Name="DerivativeFilterVariant">ContFilter</P>
      <P Name="NVariant">InternalParameters</P>
      <P Name="NCopyVariant">Disabled</P>
      <P Name="FilterICVariant">InternalICsFilter</P>
      <P Name="IntegratorICVariant">InternalICs</P>
      <P Name="ExternalResetVariant">Disabled</P>
      <P Name="TRSumVariant">Passthrough</P>
      <P Name="SumFdbkVariant">Disabled</P>
      <P Name="SumVariant">Sum_PID</P>
      <P Name="TsampFilterVariant">InternalTs</P>
      <P Name="TsampNgainVariant">Passthrough</P>
      <P Name="TsampIntegralVariant">Passthrough</P>
      <P Name="ExternalSaturationOutDataTypeStr">Inherit: Same as second input</P>
      <P Name="InitialConditionSetting">Auto</P>
    </InstanceData>
  </Block>
  <Block BlockType="Saturate" Name="Saturation" SID="69">
    <P Name="Position">[605, 190, 635, 220]</P>
    <P Name="ZOrder">349</P>
    <P Name="UpperLimit">40</P>
    <P Name="LowerLimit">-40</P>
  </Block>
  <Block BlockType="Saturate" Name="Saturation1" SID="70">
    <P Name="Position">[610, 725, 640, 755]</P>
    <P Name="ZOrder">350</P>
    <P Name="UpperLimit">40</P>
    <P Name="LowerLimit">-40</P>
  </Block>
  <Block BlockType="S-Function" Name="SimulationX coupling" SID="68">
    <P Name="Ports">[1, 2]</P>
    <P Name="Position">[1175, 461, 1275, 499]</P>
    <P Name="ZOrder">348</P>
    <P Name="BackgroundColor">yellow</P>
    <P Name="DropShadow">on</P>
    <P Name="NameLocation">top</P>
    <P Name="FunctionName">ITIFct2</P>
    <P Name="Parameters">ip, port, ts, nIn, nOut</P>
    <P Name="SFunctionDeploymentMode">off</P>
    <P Name="EnableBusSupport">off</P>
    <P Name="SFcnIsStateOwnerBlock">off</P>
    <Mask>
      <Display/>
      <Description>Coupling Element</Description>
      <MaskParameter Name="ip" Type="edit" Tunable="off">
        <Prompt>Address: ip</Prompt>
        <Value>&apos;localhost&apos;</Value>
      </MaskParameter>
      <MaskParameter Name="port" Type="edit" Tunable="off">
        <Prompt>Port Number: port [-]</Prompt>
        <Value>4098</Value>
      </MaskParameter>
      <MaskParameter Name="ts" Type="edit" Tunable="off">
        <Prompt>Communication Step Size: ts [s]</Prompt>
        <Value>1e-3</Value>
      </MaskParameter>
      <MaskParameter Name="nIn" Type="edit" Tunable="off">
        <Prompt>Input Vector Dimension (to SimulationX): nIn [-]</Prompt>
        <Value>1</Value>
      </MaskParameter>
      <MaskParameter Name="nOut" Type="edit" Tunable="off">
        <Prompt>Output Vector Dimension (from SimulationX): nOut [-]</Prompt>
        <Value>2</Value>
      </MaskParameter>
      <DialogControl Type="Group" Name="DescGroupVar">
        <Prompt>%&lt;MaskType&gt;</Prompt>
        <DialogControl Type="Text" Name="DescTextVar">
          <Prompt>%&lt;MaskDescription&gt;</Prompt>
        </DialogControl>
      </DialogControl>
      <DialogControl Type="Group" Name="ParameterGroupVar">
        <Prompt>Simulink:studio:ToolBarParametersMenu</Prompt>
        <DialogControl Type="Edit" Name="ip">
          <Prompt>Address: ip</Prompt>
        </DialogControl>
        <DialogControl Type="Edit" Name="port">
          <Prompt>Port Number: port [-]</Prompt>
        </DialogControl>
        <DialogControl Type="Edit" Name="ts">
          <Prompt>Communication Step Size: ts [s]</Prompt>
        </DialogControl>
        <DialogControl Type="Edit" Name="nIn">
          <Prompt>Input Vector Dimension (to SimulationX): nIn [-]</Prompt>
        </DialogControl>
        <DialogControl Type="Edit" Name="nOut">
          <Prompt>Output Vector Dimension (from SimulationX): nOut [-]</Prompt>
        </DialogControl>
      </DialogControl>
    </Mask>
  </Block>
  <Block BlockType="Step" Name="Step" SID="40">
    <P Name="Position">[0, 190, 30, 220]</P>
    <P Name="ZOrder">325</P>
    <P Name="Time">0</P>
    <P Name="After">pi/4</P>
    <P Name="SampleTime">0</P>
    <Port>
      <P Name="PortNumber">1</P>
      <P Name="Name">desired angle</P>
    </Port>
  </Block>
  <Block BlockType="Step" Name="Step1" SID="61">
    <P Name="Position">[0, 725, 30, 755]</P>
    <P Name="ZOrder">340</P>
    <P Name="Time">0</P>
    <P Name="After">pi/4</P>
    <P Name="SampleTime">0</P>
    <Port>
      <P Name="PortNumber">1</P>
      <P Name="Name">desired angle</P>
    </Port>
  </Block>
  <Block BlockType="Sum" Name="Sum" SID="7">
    <P Name="Ports">[2, 1]</P>
    <P Name="Position">[690, 195, 710, 215]</P>
    <P Name="ZOrder">14</P>
    <P Name="Inputs">|+-</P>
    <Port>
      <P Name="PortNumber">1</P>
      <P Name="Name">voltage V</P>
    </Port>
  </Block>
  <Block BlockType="Sum" Name="Sum1" SID="26">
    <P Name="Ports">[2, 1]</P>
    <P Name="Position">[100, 195, 120, 215]</P>
    <P Name="ZOrder">311</P>
    <P Name="Inputs">|+-</P>
    <Port>
      <P Name="PortNumber">1</P>
      <P Name="Name">error</P>
    </Port>
  </Block>
  <Block BlockType="Sum" Name="Sum2" SID="62">
    <P Name="Ports">[2, 1]</P>
    <P Name="Position">[690, 730, 710, 750]</P>
    <P Name="ZOrder">333</P>
    <P Name="Inputs">|+-</P>
    <Port>
      <P Name="PortNumber">1</P>
      <P Name="Name">voltage V</P>
    </Port>
  </Block>
  <Block BlockType="Sum" Name="Sum3" SID="63">
    <P Name="Ports">[2, 1]</P>
    <P Name="Position">[100, 730, 120, 750]</P>
    <P Name="ZOrder">339</P>
    <P Name="Inputs">|+-</P>
    <Port>
      <P Name="PortNumber">1</P>
      <P Name="Name">error</P>
    </Port>
  </Block>
  <Block BlockType="TransferFcn" Name="Transfer Fcn1" SID="46">
    <P Name="Position">[760, 176, 860, 234]</P>
    <P Name="ZOrder">328</P>
    <P Name="Denominator">[Lw Rw]</P>
    <Port>
      <P Name="PortNumber">1</P>
      <P Name="Name">current I</P>
    </Port>
  </Block>
  <Block BlockType="TransferFcn" Name="Transfer Fcn2" SID="64">
    <P Name="Position">[760, 711, 860, 769]</P>
    <P Name="ZOrder">343</P>
    <P Name="Denominator">[Lw Rw]</P>
    <Port>
      <P Name="PortNumber">1</P>
      <P Name="Name">current I</P>
    </Port>
  </Block>
  <Block BlockType="Gain" Name="km1" SID="1">
    <P Name="Position">[945, 177, 1015, 233]</P>
    <P Name="ZOrder">15</P>
    <P Name="Gain">Km</P>
    <Port>
      <P Name="PortNumber">1</P>
      <P Name="Name">torque</P>
    </Port>
  </Block>
  <Block BlockType="Gain" Name="km2" SID="67">
    <P Name="Position">[945, 712, 1015, 768]</P>
    <P Name="ZOrder">334</P>
    <P Name="Gain">Km</P>
    <Port>
      <P Name="PortNumber">1</P>
      <P Name="Name">torque</P>
    </Port>
  </Block>
  <Block BlockType="Gain" Name="km3" SID="73">
    <P Name="Position">[1110, 152, 1180, 208]</P>
    <P Name="ZOrder">353</P>
    <Port>
      <P Name="PortNumber">1</P>
      <P Name="Name">torque</P>
    </Port>
  </Block>
  <Block BlockType="Gain" Name="km4" SID="74">
    <P Name="Position">[1080, 712, 1150, 768]</P>
    <P Name="ZOrder">354</P>
    <Port>
      <P Name="PortNumber">1</P>
      <P Name="Name">torque</P>
    </Port>
  </Block>
  <Line>
    <P Name="Name">current I</P>
    <P Name="ZOrder">59</P>
    <P Name="Labels">[1, 1]</P>
    <P Name="Src">46#out:1</P>
    <P Name="Dst">1#in:1</P>
  </Line>
  <Line>
    <P Name="Name">voltage V</P>
    <P Name="ZOrder">58</P>
    <P Name="Labels">[1, 1]</P>
    <P Name="Src">7#out:1</P>
    <P Name="Dst">46#in:1</P>
  </Line>
  <Line>
    <P Name="Name">back emf</P>
    <P Name="ZOrder">19</P>
    <P Name="Labels">[1, 1]</P>
    <P Name="Src">3#out:1</P>
    <P Name="Points">[-235, 0]</P>
    <P Name="Dst">7#in:2</P>
  </Line>
  <Line>
    <P Name="ZOrder">25</P>
    <P Name="Src">25#out:1</P>
    <P Name="Dst">48#in:1</P>
  </Line>
  <Line>
    <P Name="Name">error</P>
    <P Name="ZOrder">26</P>
    <P Name="Labels">[1, 1]</P>
    <P Name="Src">26#out:1</P>
    <P Name="Dst">47#in:1</P>
  </Line>
  <Line>
    <P Name="ZOrder">57</P>
    <P Name="Src">45#out:1</P>
    <P Name="Points">[-215, 0]</P>
    <P Name="Dst">26#in:2</P>
  </Line>
  <Line>
    <P Name="Name">desired angle</P>
    <P Name="ZOrder">46</P>
    <P Name="Labels">[1, 1]</P>
    <P Name="Src">40#out:1</P>
    <P Name="Dst">26#in:1</P>
  </Line>
  <Line>
    <P Name="ZOrder">62</P>
    <P Name="Src">47#out:1</P>
    <P Name="Dst">25#in:1</P>
  </Line>
  <Line>
    <P Name="ZOrder">74</P>
    <P Name="Src">48#out:1</P>
    <P Name="Dst">69#in:1</P>
  </Line>
  <Line>
    <P Name="ZOrder">115</P>
    <P Name="Src">56#out:1</P>
    <P Name="Dst">70#in:1</P>
  </Line>
  <Line>
    <P Name="ZOrder">117</P>
    <P Name="Src">53#out:1</P>
    <P Name="Dst">59#in:1</P>
  </Line>
  <Line>
    <P Name="Name">error</P>
    <P Name="ZOrder">118</P>
    <P Name="Labels">[1, 1]</P>
    <P Name="Src">63#out:1</P>
    <P Name="Dst">53#in:1</P>
  </Line>
  <Line>
    <P Name="ZOrder">125</P>
    <P Name="Src">59#out:1</P>
    <P Name="Dst">56#in:1</P>
  </Line>
  <Line>
    <P Name="ZOrder">126</P>
    <P Name="Src">58#out:1</P>
    <P Name="Points">[-215, 0]</P>
    <P Name="Dst">63#in:2</P>
  </Line>
  <Line>
    <P Name="Name">current I</P>
    <P Name="ZOrder">127</P>
    <P Name="Labels">[1, 1]</P>
    <P Name="Src">64#out:1</P>
    <P Name="Dst">67#in:1</P>
  </Line>
  <Line>
    <P Name="Name">back emf</P>
    <P Name="ZOrder">128</P>
    <P Name="Labels">[1, 1]</P>
    <P Name="Src">55#out:1</P>
    <P Name="Points">[-235, 0]</P>
    <P Name="Dst">62#in:2</P>
  </Line>
  <Line>
    <P Name="Name">voltage V</P>
    <P Name="ZOrder">129</P>
    <P Name="Labels">[1, 1]</P>
    <P Name="Src">62#out:1</P>
    <P Name="Dst">64#in:1</P>
  </Line>
  <Line>
    <P Name="Name">desired angle</P>
    <P Name="ZOrder">133</P>
    <P Name="Labels">[1, 1]</P>
    <P Name="Src">61#out:1</P>
    <P Name="Dst">63#in:1</P>
  </Line>
  <Line>
    <P Name="ZOrder">207</P>
    <P Name="Src">69#out:1</P>
    <P Name="Dst">7#in:1</P>
  </Line>
  <Line>
    <P Name="ZOrder">208</P>
    <P Name="Src">70#out:1</P>
    <P Name="Dst">62#in:1</P>
  </Line>
  <Line>
    <P Name="Name">torque</P>
    <P Name="ZOrder">308</P>
    <P Name="Labels">[0, 0]</P>
    <P Name="Src">1#out:1</P>
    <P Name="Points">[43, 0; 0, -25]</P>
    <P Name="Dst">73#in:1</P>
  </Line>
  <Line>
    <P Name="Name">torque</P>
    <P Name="ZOrder">309</P>
    <P Name="Labels">[0, 0]</P>
    <P Name="Src">73#out:1</P>
    <P Name="Points">[19, 0; 0, 221; -53, 0; 0, 79]</P>
    <P Name="Dst">68#in:1</P>
  </Line>
  <Line>
    <P Name="Name">torque</P>
    <P Name="ZOrder">310</P>
    <P Name="Labels">[0, 0]</P>
    <P Name="Src">67#out:1</P>
    <P Name="Dst">74#in:1</P>
  </Line>
  <Line>
    <P Name="ZOrder">312</P>
    <P Name="Src">68#out:1</P>
    <P Name="Points">[19, 0; 0, -145]</P>
    <P Name="Dst">3#in:1</P>
  </Line>
  <Line>
    <P Name="ZOrder">313</P>
    <P Name="Src">68#out:2</P>
    <P Name="Points">[19, 0; 0, 55]</P>
    <P Name="Dst">45#in:1</P>
  </Line>
</System>
