<?xml version="1.0" encoding="utf-8"?>
<System>
  <P Name="Location">[-6, -6, 1287, 767]</P>
  <P Name="SystemRect">[0.000000, 0.000000, 0.000000, 0.000000]</P>
  <P Name="Open">on</P>
  <P Name="SetExecutionDomain">off</P>
  <P Name="ExecutionDomainType">Deduce</P>
  <P Name="ZoomFactor">80</P>
  <P Name="ReportName">simulink-default.rpt</P>
  <P Name="SIDHighWatermark">13</P>
  <P Name="SimulinkSubDomain">Simulink</P>
  <Block BlockType="Gain" Name="Gain" SID="3">
    <P Name="Position">[275, 277, 370, 333]</P>
    <P Name="ZOrder">3</P>
    <P Name="Gain">10</P>
  </Block>
  <Block BlockType="Gain" Name="Gain1" SID="8">
    <P Name="Position">[780, 290, 860, 340]</P>
    <P Name="ZOrder">8</P>
    <P Name="Gain">42.9e-3</P>
  </Block>
  <Block BlockType="Gain" Name="Gain2" SID="10">
    <P Name="Position">[780, 377, 860, 433]</P>
    <P Name="ZOrder">10</P>
    <P Name="BlockMirror">on</P>
    <P Name="NameLocation">top</P>
    <P Name="Gain">42.9e-3</P>
  </Block>
  <Block BlockType="Scope" Name="Scope" SID="7">
    <P Name="Ports">[2]</P>
    <P Name="Position">[1130, 196, 1160, 229]</P>
    <P Name="ZOrder">7</P>
    <P Name="ScopeSpecificationString">Simulink.scopes.TimeScopeBlockCfg(&apos;CurrentConfiguration&apos;, extmgr.ConfigurationSet(extmgr.Configuration(&apos;Core&apos;,&apos;General UI&apos;,true),extmgr.Configuration(&apos;Core&apos;,&apos;Source UI&apos;,true),extmgr.Configuration(&apos;Sources&apos;,&apos;WiredSimulink&apos;,true,&apos;SampleTime&apos;,&apos;0&apos;),extmgr.Configuration(&apos;Visuals&apos;,&apos;Time Domain&apos;,true,&apos;SerializedDisplays&apos;,{struct(&apos;MinYLimReal&apos;,&apos;1.41865&apos;,&apos;MaxYLimReal&apos;,&apos;1.59269&apos;,&apos;YLabelReal&apos;,&apos;&apos;,&apos;MinYLimMag&apos;,&apos;1.41865&apos;,&apos;MaxYLimMag&apos;,&apos;1.59269&apos;,&apos;LegendVisibility&apos;,&apos;Off&apos;,&apos;XGrid&apos;,true,&apos;YGrid&apos;,true,&apos;PlotMagPhase&apos;,false,&apos;AxesColor&apos;,[0 0 0],&apos;AxesTickColor&apos;,[0.686274509803922 0.686274509803922 0.686274509803922],&apos;ColorOrder&apos;,[1 1 0.0666666666666667;0.0745098039215686 0.623529411764706 1;1 0.411764705882353 0.16078431372549;0.392156862745098 0.831372549019608 0.0745098039215686;0.717647058823529 0.274509803921569 1;0.0588235294117647 1 1;1 0.0745098039215686 0.650980392156863],&apos;Title&apos;,&apos;%&lt;SignalLabel&gt;&apos;,&apos;LinePropertiesCache&apos;,{{}},&apos;UserDefinedChannelNames&apos;,{{}},&apos;NumLines&apos;,2,&apos;LineNames&apos;,{{&apos;SimulationX /1&apos;,&apos;Step&apos;}},&apos;ShowContent&apos;,true,&apos;Placement&apos;,1)},&apos;DisplayPropertyDefaults&apos;,struct(&apos;MinYLimReal&apos;,&apos;1.41865&apos;,&apos;MaxYLimReal&apos;,&apos;1.59269&apos;,&apos;YLabelReal&apos;,&apos;&apos;,&apos;MinYLimMag&apos;,&apos;1.41865&apos;,&apos;MaxYLimMag&apos;,&apos;1.59269&apos;,&apos;LegendVisibility&apos;,&apos;Off&apos;,&apos;XGrid&apos;,true,&apos;YGrid&apos;,true,&apos;PlotMagPhase&apos;,false,&apos;AxesColor&apos;,[0 0 0],&apos;AxesTickColor&apos;,[0.686274509803922 0.686274509803922 0.686274509803922],&apos;ColorOrder&apos;,[0.0745098039215686 0.623529411764706 1;1 0.411764705882353 0.16078431372549;1 1 0.0666666666666667;0.717647058823529 0.274509803921569 1;0.392156862745098 0.831372549019608 0.0745098039215686;0.0588235294117647 1 1;1 0.0745098039215686 0.650980392156863])),extmgr.Configuration(&apos;Tools&apos;,&apos;Plot Navigation&apos;,true,&apos;OnceAtStop&apos;,false,&apos;PreviousZoomMode&apos;,&apos;ZoomOut&apos;),extmgr.Configuration(&apos;Tools&apos;,&apos;Measurements&apos;,true,&apos;Version&apos;,&apos;2020b&apos;)),&apos;Version&apos;,&apos;2020b&apos;,&apos;Position&apos;,[8 48 1266 676],&apos;VisibleAtModelOpen&apos;,&apos;on&apos;)</P>
    <P Name="NumInputPorts">2</P>
    <P Name="Floating">off</P>
  </Block>
  <Block BlockType="S-Function" Name="SimulationX " SID="12">
    <P Name="Ports">[1, 2]</P>
    <P Name="Position">[925, 305, 1055, 365]</P>
    <P Name="ZOrder">12</P>
    <P Name="ForegroundColor">red</P>
    <P Name="BackgroundColor">yellow</P>
    <P Name="DropShadow">on</P>
    <P Name="NameLocation">top</P>
    <P Name="FunctionName">ITIFct2</P>
    <P Name="Parameters">ip, port, ts, nIn, nOut</P>
    <P Name="SFunctionDeploymentMode">off</P>
    <P Name="EnableBusSupport">off</P>
    <P Name="SFcnIsStateOwnerBlock">off</P>
    <Mask>
      <Display/>
      <Description>Coupling Element</Description>
      <MaskParameter Name="ip" Type="edit" Tunable="off">
        <Prompt>Address: ip</Prompt>
        <Value>&apos;localhost&apos;</Value>
      </MaskParameter>
      <MaskParameter Name="port" Type="edit" Tunable="off">
        <Prompt>Port Number: port [-]</Prompt>
        <Value>4097</Value>
      </MaskParameter>
      <MaskParameter Name="ts" Type="edit" Tunable="off">
        <Prompt>Communication Step Size: ts [s]</Prompt>
        <Value>0.001</Value>
      </MaskParameter>
      <MaskParameter Name="nIn" Type="edit" Tunable="off">
        <Prompt>Input Vector Dimension (to SimulationX): nIn [-]</Prompt>
        <Value>1</Value>
      </MaskParameter>
      <MaskParameter Name="nOut" Type="edit" Tunable="off">
        <Prompt>Output Vector Dimension (from SimulationX): nOut [-]</Prompt>
        <Value>2</Value>
      </MaskParameter>
    </Mask>
  </Block>
  <Block BlockType="Step" Name="Step" SID="4">
    <P Name="Position">[115, 290, 145, 320]</P>
    <P Name="ZOrder">4</P>
    <P Name="After">pi/2</P>
    <P Name="SampleTime">0</P>
  </Block>
  <Block BlockType="Sum" Name="Sum" SID="2">
    <P Name="Ports">[2, 1]</P>
    <P Name="Position">[210, 295, 230, 315]</P>
    <P Name="ZOrder">2</P>
    <P Name="Inputs">|+-</P>
  </Block>
  <Block BlockType="Sum" Name="Sum1" SID="5">
    <P Name="Ports">[2, 1]</P>
    <P Name="Position">[530, 295, 550, 315]</P>
    <P Name="ZOrder">5</P>
    <P Name="Inputs">|+-</P>
  </Block>
  <Block BlockType="Reference" Name="Transfer Fcn&#xA;(with initial outputs)" SID="1">
    <P Name="Ports">[1, 1]</P>
    <P Name="Position">[415, 287, 475, 323]</P>
    <P Name="ZOrder">1</P>
    <P Name="LibraryVersion">1.69</P>
    <P Name="SourceBlock">simulink_extras/Additional
Linear/Transfer Fcn
(with initial outputs)</P>
    <P Name="SourceType">Transfer Function with Initial Outputs</P>
    <P Name="SourceProductBaseCode">SL</P>
    <InstanceData>
      <P Name="RTWMemSecFuncInitTerm">Inherit from model</P>
      <P Name="RTWMemSecFuncExecute">Inherit from model</P>
      <P Name="RTWMemSecDataConstants">Inherit from model</P>
      <P Name="RTWMemSecDataInternal">Inherit from model</P>
      <P Name="RTWMemSecDataParameters">Inherit from model</P>
      <P Name="ContentPreviewEnabled">on</P>
      <P Name="N">[5000]</P>
      <P Name="D">[1  5000]</P>
      <P Name="Y0">.5</P>
      <P Name="U0">0</P>
    </InstanceData>
  </Block>
  <Block BlockType="Reference" Name="Transfer Fcn&#xA;(with initial outputs)1" SID="6">
    <P Name="Ports">[1, 1]</P>
    <P Name="Position">[620, 287, 745, 343]</P>
    <P Name="ZOrder">6</P>
    <P Name="LibraryVersion">1.69</P>
    <P Name="SourceBlock">simulink_extras/Additional
Linear/Transfer Fcn
(with initial outputs)</P>
    <P Name="SourceType">Transfer Function with Initial Outputs</P>
    <P Name="SourceProductBaseCode">SL</P>
    <InstanceData>
      <P Name="RTWMemSecFuncInitTerm">Inherit from model</P>
      <P Name="RTWMemSecFuncExecute">Inherit from model</P>
      <P Name="RTWMemSecDataConstants">Inherit from model</P>
      <P Name="RTWMemSecDataInternal">Inherit from model</P>
      <P Name="RTWMemSecDataParameters">Inherit from model</P>
      <P Name="ContentPreviewEnabled">on</P>
      <P Name="N">[1]</P>
      <P Name="D">[0.514e-3  2.68]</P>
      <P Name="Y0">.5</P>
      <P Name="U0">0</P>
    </InstanceData>
  </Block>
  <Line>
    <P Name="ZOrder">1</P>
    <P Name="Src">3#out:1</P>
    <P Name="Dst">1#in:1</P>
  </Line>
  <Line>
    <P Name="ZOrder">2</P>
    <P Name="Src">1#out:1</P>
    <P Name="Dst">5#in:1</P>
  </Line>
  <Line>
    <P Name="ZOrder">3</P>
    <P Name="Src">5#out:1</P>
    <P Name="Points">[30, 0; 0, 10]</P>
    <P Name="Dst">6#in:1</P>
  </Line>
  <Line>
    <P Name="ZOrder">4</P>
    <P Name="Src">6#out:1</P>
    <P Name="Dst">8#in:1</P>
  </Line>
  <Line>
    <P Name="ZOrder">28</P>
    <P Name="Src">8#out:1</P>
    <P Name="Points">[28, 0; 0, 20]</P>
    <P Name="Dst">12#in:1</P>
  </Line>
  <Line>
    <P Name="ZOrder">6</P>
    <P Name="Src">10#out:1</P>
    <P Name="Points">[-235, 0]</P>
    <P Name="Dst">5#in:2</P>
  </Line>
  <Line>
    <P Name="ZOrder">30</P>
    <P Name="Src">12#out:1</P>
    <P Name="Points">[45, 0]</P>
    <Branch>
      <P Name="ZOrder">40</P>
      <P Name="Points">[0, -115]</P>
      <P Name="Dst">7#in:1</P>
    </Branch>
    <Branch>
      <P Name="ZOrder">39</P>
      <P Name="Points">[0, 132; -885, 0]</P>
      <P Name="Dst">2#in:2</P>
    </Branch>
  </Line>
  <Line>
    <P Name="ZOrder">13</P>
    <P Name="Src">2#out:1</P>
    <P Name="Dst">3#in:1</P>
  </Line>
  <Line>
    <P Name="ZOrder">14</P>
    <P Name="Src">4#out:1</P>
    <P Name="Points">[22, 0]</P>
    <Branch>
      <P Name="ZOrder">25</P>
      <P Name="Points">[0, -85]</P>
      <P Name="Dst">7#in:2</P>
    </Branch>
    <Branch>
      <P Name="ZOrder">24</P>
      <P Name="Dst">2#in:1</P>
    </Branch>
  </Line>
  <Line>
    <P Name="ZOrder">36</P>
    <P Name="Src">12#out:2</P>
    <P Name="Points">[19, 0; 0, 55]</P>
    <P Name="Dst">10#in:1</P>
  </Line>
</System>
